{
    "openapi": "3.0.0",
    "info": {
        "title": "Plantar Futuro API",
        "version": "1.0"
    },
    "servers": [
        {
            "url": "http://localhost:8000"
        },
        {
            "url": "http://localhost:8000"
        },
        {
            "url": "http://plantarfuturo.com/ws"
        },
        {
            "url": "http://localhost:8000"
        },
        {
            "url": "http://localhost:8000"
        },
        {
            "url": "http://swagger.local"
        }
    ],
    "paths": {
        "/api/login": {
            "post": {
                "tags": [
                    "Usuario"
                ],
                "summary": "Login de usuarios",
                "operationId": "App\\Http\\Controllers\\Api\\AuthController::login",
                "requestBody": {
                    "required": false,
                    "content": {
                        "application/x-www-form-urlencoded": {
                            "schema": {
                                "required": [
                                    "email"
                                ],
                                "properties": {
                                    "email": {
                                        "description": "Correo del usuario",
                                        "type": "string"
                                    },
                                    "password": {
                                        "description": "Contraseña del usuario",
                                        "type": "string",
                                        "format": "password"
                                    }
                                },
                                "type": "object"
                            }
                        }
                    }
                },
                "responses": {
                    "200": {
                        "description": "Login realizado."
                    },
                    "400": {
                        "description": "Request mal mandado."
                    },
                    "401": {
                        "description": "Intento de login rechazado."
                    },
                    "405": {
                        "description": "metodo HTTP no permitido."
                    },
                    "default": {
                        "description": "Ha ocurrido un error."
                    }
                }
            }
        },
        "/api/users": {
            "get": {
                "tags": [
                    "Usuario"
                ],
                "summary": "Mostrar usuarios",
                "operationId": "App\\Http\\Controllers\\Api\\AuthController::index",
                "responses": {
                    "200": {
                        "description": "Mostrar todos los usuarios."
                    },
                    "default": {
                        "description": "Ha ocurrido un error."
                    }
                }
            }
        },
        "/api/users/assignation": {
            "post": {
                "tags": [
                    "Usuario"
                ],
                "summary": "Asignacion de usuarios a proyectos",
                "operationId": "App\\Http\\Controllers\\Api\\AuthController::assignation",
                "requestBody": {
                    "content": {
                        "application/json": {
                            "schema": {
                                "properties": {
                                    "project_id": {
                                        "description": "Id del proyecto",
                                        "type": "integer"
                                    },
                                    "users": {
                                        "description": "Users ID's",
                                        "type": "array",
                                        "items": {
                                            "type": "integer",
                                            "items": {}
                                        }
                                    }
                                },
                                "type": "object",
                                "example": {
                                    "project_id": 1,
                                    "users": [
                                        1,
                                        2
                                    ]
                                }
                            }
                        }
                    }
                },
                "responses": {
                    "200": {
                        "description": "Cliente registrada."
                    },
                    "400": {
                        "description": "Request mal mandado."
                    },
                    "401": {
                        "description": "Ingreso no autorizado."
                    },
                    "405": {
                        "description": "metodo HTTP no permitido."
                    },
                    "default": {
                        "description": "Ha ocurrido un error."
                    }
                }
            }
        },
        "/api/users/unassign": {
            "delete": {
                "tags": [
                    "Usuario"
                ],
                "summary": "Desasignacion de usuarios de proyectos",
                "operationId": "App\\Http\\Controllers\\Api\\AuthController::unassign",
                "requestBody": {
                    "content": {
                        "application/json": {
                            "schema": {
                                "properties": {
                                    "project_id": {
                                        "description": "Id del proyecto",
                                        "type": "integer"
                                    },
                                    "users": {
                                        "description": "Users ID's",
                                        "type": "array",
                                        "items": {
                                            "type": "integer",
                                            "items": {}
                                        }
                                    }
                                },
                                "type": "object",
                                "example": {
                                    "project_id": 1,
                                    "users": [
                                        1,
                                        2
                                    ]
                                }
                            }
                        }
                    }
                },
                "responses": {
                    "200": {
                        "description": "Cliente registrada."
                    },
                    "400": {
                        "description": "Request mal mandado."
                    },
                    "401": {
                        "description": "Ingreso no autorizado."
                    },
                    "405": {
                        "description": "metodo HTTP no permitido."
                    },
                    "default": {
                        "description": "Ha ocurrido un error."
                    }
                }
            }
        },
        "/api/users/projects/{id}": {
            "get": {
                "tags": [
                    "Usuario"
                ],
                "summary": "Listado de proyectos por usuario",
                "operationId": "App\\Http\\Controllers\\Api\\AuthController::getProjects",
                "parameters": [
                    {
                        "name": "id",
                        "in": "path",
                        "description": "id del usuario",
                        "required": true,
                        "schema": {
                            "type": "integer",
                            "format": "int32"
                        },
                        "example": "1"
                    }
                ],
                "responses": {
                    "200": {
                        "description": "Mostrar todos los proyectos."
                    },
                    "204": {
                        "description": "No hay resultados que mostrar."
                    },
                    "default": {
                        "description": "Ha ocurrido un error."
                    }
                }
            }
        },
        "/api/customer": {
            "get": {
                "tags": [
                    "Cliente"
                ],
                "summary": "Mostrar lista de clientes",
                "operationId": "App\\Http\\Controllers\\Api\\CustomerController::index",
                "responses": {
                    "200": {
                        "description": "Mostrar todos los clientes."
                    },
                    "204": {
                        "description": "No hay resultados que mostrar."
                    },
                    "default": {
                        "description": "Ha ocurrido un error."
                    }
                }
            },
            "post": {
                "tags": [
                    "Cliente"
                ],
                "summary": "Registrar Cliente",
                "operationId": "App\\Http\\Controllers\\Api\\CustomerController::store",
                "requestBody": {
                    "required": false,
                    "content": {
                        "application/x-www-form-urlencoded": {
                            "schema": {
                                "required": [],
                                "properties": {
                                    "name": {
                                        "description": "Nombre del cliente",
                                        "type": "string",
                                        "format": "string",
                                        "example": "Codensa"
                                    }
                                },
                                "type": "object"
                            }
                        }
                    }
                },
                "responses": {
                    "200": {
                        "description": "Cliente registrada."
                    },
                    "400": {
                        "description": "Request mal mandado."
                    },
                    "401": {
                        "description": "Ingreso no autorizado."
                    },
                    "405": {
                        "description": "metodo HTTP no permitido."
                    },
                    "default": {
                        "description": "Ha ocurrido un error."
                    }
                }
            }
        },
        "/api/customer/{id}": {
            "get": {
                "tags": [
                    "Cliente"
                ],
                "summary": "Ver Cliente",
                "operationId": "App\\Http\\Controllers\\Api\\CustomerController::show",
                "parameters": [
                    {
                        "name": "id",
                        "in": "path",
                        "description": "id del cliente",
                        "required": true,
                        "schema": {
                            "type": "integer",
                            "format": "int32"
                        },
                        "example": "1"
                    }
                ],
                "responses": {
                    "200": {
                        "description": "Mostrar todos los proyectos."
                    },
                    "204": {
                        "description": "No hay resultados que mostrar."
                    },
                    "default": {
                        "description": "Ha ocurrido un error."
                    }
                }
            },
            "put": {
                "tags": [
                    "Cliente"
                ],
                "summary": "Editar Cliente",
                "operationId": "App\\Http\\Controllers\\Api\\CustomerController::update",
                "parameters": [
                    {
                        "name": "id",
                        "in": "path",
                        "description": "id del cliente",
                        "required": true,
                        "schema": {
                            "type": "integer",
                            "format": "int32"
                        },
                        "example": "1"
                    }
                ],
                "requestBody": {
                    "required": false,
                    "content": {
                        "application/x-www-form-urlencoded": {
                            "schema": {
                                "required": [],
                                "properties": {
                                    "name": {
                                        "description": "Nombre del cliente",
                                        "type": "string",
                                        "format": "string",
                                        "example": "Codensa S.A."
                                    }
                                },
                                "type": "object"
                            }
                        }
                    }
                },
                "responses": {
                    "200": {
                        "description": "Cliente registrada."
                    },
                    "400": {
                        "description": "Request mal mandado."
                    },
                    "401": {
                        "description": "Ingreso no autorizado."
                    },
                    "405": {
                        "description": "metodo HTTP no permitido."
                    },
                    "default": {
                        "description": "Ha ocurrido un error."
                    }
                }
            }
        },
        "/api/forest-unit": {
            "get": {
                "tags": [
                    "Individuos forestales"
                ],
                "summary": "Mostrar lista de individuos forestales",
                "operationId": "App\\Http\\Controllers\\Api\\ForestUnitController::index",
                "responses": {
                    "200": {
                        "description": "Mostrar todos los proyectos."
                    },
                    "204": {
                        "description": "No hay resultados que mostrar."
                    },
                    "default": {
                        "description": "Ha ocurrido un error."
                    }
                }
            },
            "post": {
                "tags": [
                    "Individuos forestales"
                ],
                "summary": "Registrar individuo forestal",
                "operationId": "App\\Http\\Controllers\\Api\\ForestUnitController::store",
                "requestBody": {
                    "required": false,
                    "content": {
                        "application/x-www-form-urlencoded": {
                            "schema": {
                                "required": [],
                                "properties": {
                                    "code": {
                                        "description": "Codigo del individuo",
                                        "type": "string",
                                        "format": "string",
                                        "example": "102F"
                                    },
                                    "common_name": {
                                        "description": "Nombre comun del individuo",
                                        "type": "string",
                                        "format": "string",
                                        "example": "Torcazo"
                                    },
                                    "scientific_name": {
                                        "description": "Nombre cientifico del individuo",
                                        "type": "string",
                                        "format": "string",
                                        "example": "Schefflera morototoni",
                                        "nullable": true
                                    },
                                    "species": {
                                        "description": "Especie del individuo",
                                        "type": "string",
                                        "format": "string",
                                        "example": "Alchornea sp.",
                                        "nullable": true
                                    },
                                    "family": {
                                        "description": "Familia del individuo",
                                        "type": "string",
                                        "format": "string",
                                        "example": "Euphorbiaceac",
                                        "nullable": true
                                    },
                                    "cap_cm": {
                                        "description": "CAP (Medido en cm)",
                                        "type": "number",
                                        "format": "float",
                                        "example": "40.0"
                                    },
                                    "total_heigth_m": {
                                        "description": "Altura total (Medido en m)",
                                        "type": "number",
                                        "format": "float",
                                        "example": "10.0"
                                    },
                                    "commercial_heigth_m": {
                                        "description": "Altura comercial (Medido en m)",
                                        "type": "number",
                                        "format": "float",
                                        "example": "7.0"
                                    },
                                    "cup_diameter_m": {
                                        "description": "Diametro de copa (Medido en m)",
                                        "type": "number",
                                        "format": "float",
                                        "example": "6.0"
                                    },
                                    "north_coord": {
                                        "description": "Coordenada norte",
                                        "type": "string",
                                        "format": "string",
                                        "example": "968455"
                                    },
                                    "east_coord": {
                                        "description": "Coordenada este",
                                        "type": "string",
                                        "format": "string",
                                        "example": "1073797"
                                    },
                                    "condition": {
                                        "description": "Estado fisico (1: Malo, 2: Regular, 3: Bueno)",
                                        "type": "integer",
                                        "format": "int32",
                                        "example": "3"
                                    },
                                    "health_status": {
                                        "description": "Estado Sanitario (1: Malo, 2: Regular, 3: Bueno)",
                                        "type": "integer",
                                        "format": "int32",
                                        "example": "3"
                                    },
                                    "origin": {
                                        "description": "Origen (1: Nativa, 2: Exotica)",
                                        "type": "integer",
                                        "format": "int32",
                                        "example": "1"
                                    },
                                    "cup_density": {
                                        "description": "Densidad de copa (1: Clara, 2: Media, 3: Espesa)",
                                        "type": "integer",
                                        "format": "int32",
                                        "example": "3"
                                    },
                                    "products (1: Leña, 2: Madera)": {
                                        "description": "Productos y Posible uso",
                                        "type": "integer",
                                        "format": "int32",
                                        "example": "2"
                                    },
                                    "margin": {
                                        "description": "Margen (1: Derecha, 2: Izquierda)",
                                        "type": "integer",
                                        "format": "int32",
                                        "example": "2"
                                    },
                                    "treatment": {
                                        "description": "Tipo de manejo (1: Tala, 2: Perman. Y/poda, 3: Bloque y T. , 4: Plantar)",
                                        "type": "integer",
                                        "format": "int32",
                                        "example": "1"
                                    },
                                    "state": {
                                        "description": "Estado (1: Talado, 2: No Talado, 3: En proceso, 4: Sin Iniciar, 5: Inhabilitado, 6: Sin definir)",
                                        "type": "integer",
                                        "format": "int32",
                                        "example": "4"
                                    },
                                    "resolution": {
                                        "description": "Resolución",
                                        "type": "string",
                                        "format": "string",
                                        "example": "0366",
                                        "nullable": true
                                    },
                                    "general_image": {
                                        "description": "Foto general",
                                        "type": "string",
                                        "format": "string",
                                        "nullable": true
                                    },
                                    "before_image": {
                                        "description": "Foto del antes",
                                        "type": "string",
                                        "format": "string"
                                    },
                                    "after_image": {
                                        "description": "Foto del despues",
                                        "type": "string",
                                        "format": "string"
                                    },
                                    "start_treatment": {
                                        "description": "Fecha de inicio",
                                        "type": "string",
                                        "format": "date",
                                        "example": "2019-04-25"
                                    },
                                    "end_treatment": {
                                        "description": "Fecha de finalización",
                                        "type": "string",
                                        "format": "date",
                                        "example": "2019-04-28"
                                    },
                                    "note": {
                                        "description": "Observaciones",
                                        "type": "string",
                                        "format": "string",
                                        "example": "Sin observaciones"
                                    },
                                    "functional_unit_id": {
                                        "description": "Id de la unidad funcional",
                                        "type": "integer",
                                        "format": "int32",
                                        "example": "2"
                                    }
                                },
                                "type": "object"
                            }
                        }
                    }
                },
                "responses": {
                    "200": {
                        "description": "Proyecto registrada."
                    },
                    "400": {
                        "description": "Request mal mandado."
                    },
                    "401": {
                        "description": "Ingreso no autorizado."
                    },
                    "405": {
                        "description": "metodo HTTP no permitido."
                    },
                    "default": {
                        "description": "Ha ocurrido un error."
                    }
                }
            }
        },
        "/api/forest-unit/first-phase": {
            "post": {
                "tags": [
                    "Individuos forestales"
                ],
                "summary": "Primera fase IF - Creación",
                "operationId": "App\\Http\\Controllers\\Api\\ForestUnitController::firstPhase",
                "requestBody": {
                    "required": false,
                    "content": {
                        "application/x-www-form-urlencoded": {
                            "schema": {
                                "required": [],
                                "properties": {
                                    "code": {
                                        "description": "Codigo del individuo",
                                        "type": "string",
                                        "format": "string",
                                        "example": "103F"
                                    },
                                    "common_name": {
                                        "description": "Nombre comun del individuo",
                                        "type": "string",
                                        "format": "string",
                                        "example": "Torcazo"
                                    },
                                    "scientific_name": {
                                        "description": "Nombre cientifico del individuo",
                                        "type": "string",
                                        "format": "string",
                                        "nullable": true
                                    },
                                    "resolution": {
                                        "description": "Resolución",
                                        "type": "string",
                                        "format": "string",
                                        "example": "0377",
                                        "nullable": true
                                    },
                                    "functional_unit_id": {
                                        "description": "Id de la unidad funcional",
                                        "type": "integer",
                                        "format": "int32",
                                        "example": "3"
                                    }
                                },
                                "type": "object"
                            }
                        }
                    }
                },
                "responses": {
                    "200": {
                        "description": "Proyecto registrada."
                    },
                    "400": {
                        "description": "Request mal mandado."
                    },
                    "401": {
                        "description": "Ingreso no autorizado."
                    },
                    "405": {
                        "description": "metodo HTTP no permitido."
                    },
                    "default": {
                        "description": "Ha ocurrido un error."
                    }
                }
            }
        },
        "/api/forest-unit/second-phase/{id}": {
            "put": {
                "tags": [
                    "Individuos forestales"
                ],
                "summary": "Segunda fase IF - Datos generales",
                "operationId": "App\\Http\\Controllers\\Api\\ForestUnitController::secondPhase",
                "parameters": [
                    {
                        "name": "id",
                        "in": "path",
                        "description": "Id (Primary key) del IF",
                        "required": true,
                        "schema": {
                            "type": "integer"
                        }
                    }
                ],
                "requestBody": {
                    "required": false,
                    "content": {
                        "application/x-www-form-urlencoded": {
                            "schema": {
                                "required": [],
                                "properties": {
                                    "species": {
                                        "description": "Especie del individuo",
                                        "type": "string",
                                        "format": "string",
                                        "example": "Alchornea sp.",
                                        "nullable": true
                                    },
                                    "family": {
                                        "description": "Familia del individuo",
                                        "type": "string",
                                        "format": "string",
                                        "example": "Euphorbiaceac",
                                        "nullable": true
                                    },
                                    "north_coord": {
                                        "description": "Coordenada norte",
                                        "type": "string",
                                        "format": "string",
                                        "example": "968455"
                                    },
                                    "east_coord": {
                                        "description": "Coordenada este",
                                        "type": "string",
                                        "format": "string",
                                        "example": "1073797"
                                    },
                                    "condition": {
                                        "description": "Estado fisico (1: Malo, 2: Regular, 3: Bueno)",
                                        "type": "integer",
                                        "format": "int32",
                                        "example": "3"
                                    },
                                    "health_status": {
                                        "description": "Estado Sanitario (1: Malo, 2: Regular, 3: Bueno)",
                                        "type": "integer",
                                        "format": "int32",
                                        "example": "3"
                                    },
                                    "treatment": {
                                        "description": "Tipo de manejo (1: Tala, 2: Perman. Y/poda, 3: Bloque y T. , 4: Plantar)",
                                        "type": "integer",
                                        "format": "int32",
                                        "example": "1"
                                    },
                                    "state": {
                                        "description": "Estado (2: No Talado, 4: Sin Iniciar, 5: Inhabilitado)",
                                        "type": "integer",
                                        "format": "int32",
                                        "example": "4"
                                    },
                                    "general_image": {
                                        "description": "Foto general",
                                        "type": "string",
                                        "format": "string",
                                        "nullable": true
                                    }
                                },
                                "type": "object"
                            }
                        }
                    }
                },
                "responses": {
                    "200": {
                        "description": "Proyecto registrada."
                    },
                    "400": {
                        "description": "Request mal mandado."
                    },
                    "401": {
                        "description": "Ingreso no autorizado."
                    },
                    "405": {
                        "description": "metodo HTTP no permitido."
                    },
                    "default": {
                        "description": "Ha ocurrido un error."
                    }
                }
            }
        },
        "/api/forest-unit/third-phase/{id}": {
            "put": {
                "tags": [
                    "Individuos forestales"
                ],
                "summary": "Tercera fase IF - Antes de intervención",
                "operationId": "App\\Http\\Controllers\\Api\\ForestUnitController::thirdPhase",
                "parameters": [
                    {
                        "name": "id",
                        "in": "path",
                        "description": "Id (Primary key) del IF",
                        "required": true,
                        "schema": {
                            "type": "string"
                        }
                    }
                ],
                "requestBody": {
                    "required": false,
                    "content": {
                        "application/x-www-form-urlencoded": {
                            "schema": {
                                "required": [],
                                "properties": {
                                    "cap_cm": {
                                        "description": "CAP (Medido en cm)",
                                        "type": "number",
                                        "format": "float",
                                        "example": "40.0"
                                    },
                                    "total_heigth_m": {
                                        "description": "Altura total (Medido en m)",
                                        "type": "number",
                                        "format": "float",
                                        "example": "10.0"
                                    },
                                    "commercial_heigth_m": {
                                        "description": "Altura comercial (Medido en m)",
                                        "type": "number",
                                        "format": "float",
                                        "example": "7.0"
                                    },
                                    "cup_diameter_m": {
                                        "description": "Diametro de copa (Medido en m)",
                                        "type": "number",
                                        "format": "float",
                                        "example": "6.0"
                                    },
                                    "origin": {
                                        "description": "Origen (1: Nativa, 2: Exotica)",
                                        "type": "integer",
                                        "format": "int32",
                                        "example": "1"
                                    },
                                    "cup_density": {
                                        "description": "Densidad de copa (1: Clara, 2: Media, 3: Espesa)",
                                        "type": "integer",
                                        "format": "int32",
                                        "example": "3"
                                    },
                                    "before_image": {
                                        "description": "Foto del antes",
                                        "type": "string",
                                        "format": "string"
                                    },
                                    "start_treatment": {
                                        "description": "Fecha de inicio",
                                        "type": "string",
                                        "format": "date",
                                        "example": "2019-04-25"
                                    }
                                },
                                "type": "object"
                            }
                        }
                    }
                },
                "responses": {
                    "200": {
                        "description": "Proyecto registrada."
                    },
                    "400": {
                        "description": "Request mal mandado."
                    },
                    "401": {
                        "description": "Ingreso no autorizado."
                    },
                    "405": {
                        "description": "metodo HTTP no permitido."
                    },
                    "default": {
                        "description": "Ha ocurrido un error."
                    }
                }
            }
        },
        "/api/forest-unit/fourth-phase/{id}": {
            "put": {
                "tags": [
                    "Individuos forestales"
                ],
                "summary": "Cuarta fase IF - Despues de intervención",
                "operationId": "App\\Http\\Controllers\\Api\\ForestUnitController::fourthPhase",
                "parameters": [
                    {
                        "name": "id",
                        "in": "path",
                        "description": "Id (Primary key) del IF",
                        "required": true,
                        "schema": {
                            "type": "string"
                        }
                    }
                ],
                "requestBody": {
                    "required": false,
                    "content": {
                        "application/x-www-form-urlencoded": {
                            "schema": {
                                "required": [],
                                "properties": {
                                    "products (1: Leña, 2: Madera)": {
                                        "description": "Productos y Posible uso",
                                        "type": "integer",
                                        "format": "int32",
                                        "example": "2"
                                    },
                                    "margin": {
                                        "description": "Margen (1: Derecha, 2: Izquierda)",
                                        "type": "integer",
                                        "format": "int32",
                                        "example": "2"
                                    },
                                    "after_image": {
                                        "description": "Foto del despues",
                                        "type": "string",
                                        "format": "string"
                                    },
                                    "end_treatment": {
                                        "description": "Fecha de finalización",
                                        "type": "string",
                                        "format": "date",
                                        "example": "2019-04-28"
                                    },
                                    "note": {
                                        "description": "Observaciones",
                                        "type": "string",
                                        "format": "string",
                                        "example": "Sin observaciones"
                                    }
                                },
                                "type": "object"
                            }
                        }
                    }
                },
                "responses": {
                    "200": {
                        "description": "Proyecto registrada."
                    },
                    "400": {
                        "description": "Request mal mandado."
                    },
                    "401": {
                        "description": "Ingreso no autorizado."
                    },
                    "405": {
                        "description": "metodo HTTP no permitido."
                    },
                    "default": {
                        "description": "Ha ocurrido un error."
                    }
                }
            }
        },
        "/api/forest-unit/{id}": {
            "get": {
                "tags": [
                    "Individuos forestales"
                ],
                "summary": "Ver individuo forestal",
                "operationId": "App\\Http\\Controllers\\Api\\ForestUnitController::show",
                "parameters": [
                    {
                        "name": "id",
                        "in": "path",
                        "description": "id del individuo forestal",
                        "required": true,
                        "schema": {
                            "type": "integer",
                            "format": "int32"
                        },
                        "example": "1"
                    }
                ],
                "responses": {
                    "200": {
                        "description": "Mostrar todos los proyectos."
                    },
                    "204": {
                        "description": "No hay resultados que mostrar."
                    },
                    "default": {
                        "description": "Ha ocurrido un error."
                    }
                }
            },
            "put": {
                "tags": [
                    "Individuos forestales"
                ],
                "summary": "Editar individuo forestal",
                "operationId": "App\\Http\\Controllers\\Api\\ForestUnitController::update",
                "parameters": [
                    {
                        "name": "id",
                        "in": "path",
                        "description": "Id (Primary key) del IF",
                        "required": true,
                        "schema": {
                            "type": "string"
                        }
                    }
                ],
                "requestBody": {
                    "required": false,
                    "content": {
                        "application/x-www-form-urlencoded": {
                            "schema": {
                                "required": [],
                                "properties": {
                                    "code": {
                                        "description": "Codigo del individuo",
                                        "type": "string",
                                        "format": "string",
                                        "example": "102F"
                                    },
                                    "common_name": {
                                        "description": "Nombre comun del individuo",
                                        "type": "string",
                                        "format": "string",
                                        "example": "Torcazo"
                                    },
                                    "scientific_name": {
                                        "description": "Nombre cientifico del individuo",
                                        "type": "string",
                                        "format": "string",
                                        "example": "Schefflera morototoni",
                                        "nullable": true
                                    },
                                    "species": {
                                        "description": "Especie del individuo",
                                        "type": "string",
                                        "format": "string",
                                        "example": "Alchornea sp.",
                                        "nullable": true
                                    },
                                    "family": {
                                        "description": "Familia del individuo",
                                        "type": "string",
                                        "format": "string",
                                        "example": "Euphorbiaceac",
                                        "nullable": true
                                    },
                                    "cap_cm": {
                                        "description": "CAP (Medido en cm)",
                                        "type": "number",
                                        "format": "float",
                                        "example": "40.0"
                                    },
                                    "total_heigth_m": {
                                        "description": "Altura total (Medido en m)",
                                        "type": "number",
                                        "format": "float",
                                        "example": "10.0"
                                    },
                                    "commercial_heigth_m": {
                                        "description": "Altura comercial (Medido en m)",
                                        "type": "number",
                                        "format": "float",
                                        "example": "7.0"
                                    },
                                    "cup_diameter_m": {
                                        "description": "Diametro de copa (Medido en m)",
                                        "type": "number",
                                        "format": "float",
                                        "example": "6.0"
                                    },
                                    "north_coord": {
                                        "description": "Coordenada norte",
                                        "type": "string",
                                        "format": "string",
                                        "example": "968455"
                                    },
                                    "east_coord": {
                                        "description": "Coordenada este",
                                        "type": "string",
                                        "format": "string",
                                        "example": "1073797"
                                    },
                                    "condition": {
                                        "description": "Estado fisico (1: Malo, 2: Regular, 3: Bueno)",
                                        "type": "integer",
                                        "format": "int32",
                                        "example": "3"
                                    },
                                    "health_status": {
                                        "description": "Estado Sanitario (1: Malo, 2: Regular, 3: Bueno)",
                                        "type": "integer",
                                        "format": "int32",
                                        "example": "3"
                                    },
                                    "origin": {
                                        "description": "Origen (1: Nativa, 2: Exotica)",
                                        "type": "integer",
                                        "format": "int32",
                                        "example": "1"
                                    },
                                    "cup_density": {
                                        "description": "Densidad de copa (1: Clara, 2: Media, 3: Espesa)",
                                        "type": "integer",
                                        "format": "int32",
                                        "example": "3"
                                    },
                                    "products (1: Leña, 2: Madera)": {
                                        "description": "Productos y Posible uso",
                                        "type": "integer",
                                        "format": "int32",
                                        "example": "2"
                                    },
                                    "margin": {
                                        "description": "Margen (1: Derecha, 2: Izquierda)",
                                        "type": "integer",
                                        "format": "int32",
                                        "example": "2"
                                    },
                                    "treatment": {
                                        "description": "Tipo de manejo (1: Tala, 2: Perman. Y/poda, 3: Bloque y T. , 4: Plantar)",
                                        "type": "integer",
                                        "format": "int32",
                                        "example": "1"
                                    },
                                    "state": {
                                        "description": "Estado (1: Talado, 2: No Talado, 3: En proceso, 4: Sin Iniciar, 5: Inhabilitado, 6: Sin definir)",
                                        "type": "integer",
                                        "format": "int32",
                                        "example": "4"
                                    },
                                    "resolution": {
                                        "description": "Resolución",
                                        "type": "string",
                                        "format": "string",
                                        "example": "0366",
                                        "nullable": true
                                    },
                                    "general_image": {
                                        "description": "Foto general",
                                        "type": "string",
                                        "format": "string",
                                        "nullable": true
                                    },
                                    "before_image": {
                                        "description": "Foto del antes",
                                        "type": "string",
                                        "format": "string"
                                    },
                                    "after_image": {
                                        "description": "Foto del despues",
                                        "type": "string",
                                        "format": "string"
                                    },
                                    "start_treatment": {
                                        "description": "Fecha de inicio",
                                        "type": "string",
                                        "format": "date",
                                        "example": "2019-04-25"
                                    },
                                    "end_treatment": {
                                        "description": "Fecha de finalización",
                                        "type": "string",
                                        "format": "date",
                                        "example": "2019-04-28"
                                    },
                                    "note": {
                                        "description": "Observaciones",
                                        "type": "string",
                                        "format": "string",
                                        "example": "Sin observaciones"
                                    },
                                    "functional_unit_id": {
                                        "description": "Id de la unidad funcional",
                                        "type": "integer",
                                        "format": "int32",
                                        "example": "2"
                                    }
                                },
                                "type": "object"
                            }
                        }
                    }
                },
                "responses": {
                    "200": {
                        "description": "Proyecto registrada."
                    },
                    "400": {
                        "description": "Request mal mandado."
                    },
                    "401": {
                        "description": "Ingreso no autorizado."
                    },
                    "405": {
                        "description": "metodo HTTP no permitido."
                    },
                    "default": {
                        "description": "Ha ocurrido un error."
                    }
                }
            }
        },
        "/api/forest-unit/pdf/{id}": {
            "get": {
                "tags": [
                    "Individuos forestales"
                ],
                "summary": "PDF del individuo forestal",
                "operationId": "App\\Http\\Controllers\\Api\\ForestUnitController::getPdf",
                "parameters": [
                    {
                        "name": "id",
                        "in": "path",
                        "description": "id del individuo forestal",
                        "required": true,
                        "schema": {
                            "type": "integer",
                            "format": "int32"
                        },
                        "example": "1"
                    }
                ],
                "responses": {
                    "200": {
                        "description": "Mostrar todos los proyectos."
                    },
                    "204": {
                        "description": "No hay resultados que mostrar."
                    },
                    "default": {
                        "description": "Ha ocurrido un error."
                    }
                }
            }
        },
        "/api/functional-unit": {
            "get": {
                "tags": [
                    "Unidad Funcional"
                ],
                "summary": "Mostrar lista de unidades funcionales",
                "operationId": "App\\Http\\Controllers\\Api\\FunctionalUnitController::index",
                "responses": {
                    "200": {
                        "description": "Mostrar todos los proyectos."
                    },
                    "204": {
                        "description": "No hay resultados que mostrar."
                    },
                    "default": {
                        "description": "Ha ocurrido un error."
                    }
                }
            },
            "post": {
                "tags": [
                    "Unidad Funcional"
                ],
                "summary": "Registrar Unidad Funcional",
                "operationId": "App\\Http\\Controllers\\Api\\FunctionalUnitController::store",
                "requestBody": {
                    "required": false,
                    "content": {
                        "application/x-www-form-urlencoded": {
                            "schema": {
                                "required": [],
                                "properties": {
                                    "code": {
                                        "description": "Codigo de la unidad funcional",
                                        "type": "string",
                                        "format": "string",
                                        "example": "UF1"
                                    },
                                    "type": {
                                        "description": "Tipo de UF (1: Licencia, 2: Compensación)",
                                        "type": "integer",
                                        "format": "int32",
                                        "example": "1"
                                    },
                                    "project_id": {
                                        "description": "Id del proyecto",
                                        "type": "integer",
                                        "format": "int32",
                                        "example": "2"
                                    }
                                },
                                "type": "object"
                            }
                        }
                    }
                },
                "responses": {
                    "200": {
                        "description": "Proyecto registrada."
                    },
                    "400": {
                        "description": "Request mal mandado."
                    },
                    "401": {
                        "description": "Ingreso no autorizado."
                    },
                    "405": {
                        "description": "metodo HTTP no permitido."
                    },
                    "default": {
                        "description": "Ha ocurrido un error."
                    }
                }
            }
        },
        "/api/functional-unit/{id}": {
            "get": {
                "tags": [
                    "Unidad Funcional"
                ],
                "summary": "Ver unidad funcional",
                "operationId": "App\\Http\\Controllers\\Api\\FunctionalUnitController::show",
                "parameters": [
                    {
                        "name": "id",
                        "in": "path",
                        "description": "id de la UF",
                        "required": true,
                        "schema": {
                            "type": "integer",
                            "format": "int32"
                        },
                        "example": "1"
                    }
                ],
                "responses": {
                    "200": {
                        "description": "Mostrar todos los proyectos."
                    },
                    "204": {
                        "description": "No hay resultados que mostrar."
                    },
                    "default": {
                        "description": "Ha ocurrido un error."
                    }
                }
            },
            "put": {
                "tags": [
                    "Unidad Funcional"
                ],
                "summary": "Registrar Unidad Funcional",
                "operationId": "App\\Http\\Controllers\\Api\\FunctionalUnitController::update",
                "parameters": [
                    {
                        "name": "id",
                        "in": "path",
                        "description": "Id (Primary Key) de la unidad funcional",
                        "required": true,
                        "schema": {
                            "type": "integer"
                        }
                    }
                ],
                "requestBody": {
                    "required": false,
                    "content": {
                        "application/x-www-form-urlencoded": {
                            "schema": {
                                "required": [],
                                "properties": {
                                    "code": {
                                        "description": "Codigo de la unidad funcional",
                                        "type": "string",
                                        "format": "string",
                                        "example": "UF1"
                                    },
                                    "type": {
                                        "description": "Tipo de UF (1: Licencia, 2: Compensación)",
                                        "type": "integer",
                                        "format": "int32",
                                        "example": "1"
                                    },
                                    "project_id": {
                                        "description": "Id del proyecto",
                                        "type": "integer",
                                        "format": "int32",
                                        "example": "2"
                                    }
                                },
                                "type": "object"
                            }
                        }
                    }
                },
                "responses": {
                    "200": {
                        "description": "Proyecto registrada."
                    },
                    "400": {
                        "description": "Request mal mandado."
                    },
                    "401": {
                        "description": "Ingreso no autorizado."
                    },
                    "405": {
                        "description": "metodo HTTP no permitido."
                    },
                    "default": {
                        "description": "Ha ocurrido un error."
                    }
                }
            }
        },
        "/api/functional-unit/forest-units/{id}": {
            "get": {
                "tags": [
                    "Unidad Funcional"
                ],
                "summary": "Mostrar lista de individuos forestales de una UF",
                "operationId": "App\\Http\\Controllers\\Api\\FunctionalUnitController::forestUnits",
                "parameters": [
                    {
                        "name": "id",
                        "in": "path",
                        "description": "id de la UF",
                        "required": true,
                        "schema": {
                            "type": "integer",
                            "format": "int32"
                        },
                        "example": "1"
                    }
                ],
                "responses": {
                    "200": {
                        "description": "Mostrar todos los proyectos."
                    },
                    "204": {
                        "description": "No hay resultados que mostrar."
                    },
                    "default": {
                        "description": "Ha ocurrido un error."
                    }
                }
            }
        },
        "/api/project": {
            "get": {
                "tags": [
                    "Proyecto"
                ],
                "summary": "Mostrar lista de proyectos",
                "operationId": "App\\Http\\Controllers\\Api\\ProjectController::index",
                "responses": {
                    "200": {
                        "description": "Mostrar todos los proyectos."
                    },
                    "204": {
                        "description": "No hay resultados que mostrar."
                    },
                    "default": {
                        "description": "Ha ocurrido un error."
                    }
                }
            },
            "post": {
                "tags": [
                    "Proyecto"
                ],
                "summary": "Registrar proyecto",
                "operationId": "App\\Http\\Controllers\\Api\\ProjectController::store",
                "requestBody": {
                    "required": false,
                    "content": {
                        "application/x-www-form-urlencoded": {
                            "schema": {
                                "required": [],
                                "properties": {
                                    "name": {
                                        "description": "Nombre del proyecto",
                                        "type": "string",
                                        "format": "string",
                                        "example": "Conjuntos Residenciales Marlon Gamba"
                                    },
                                    "inspector": {
                                        "description": "Interventor",
                                        "type": "string",
                                        "format": "string",
                                        "example": "Marlon Gamba SA"
                                    },
                                    "responsible": {
                                        "description": "Responsable",
                                        "type": "string",
                                        "format": "string",
                                        "example": "Pedro Alarcon"
                                    },
                                    "representative_name": {
                                        "description": "Nombre del representante",
                                        "type": "string",
                                        "format": "string",
                                        "example": "Marlon Gamba"
                                    },
                                    "representative_position": {
                                        "description": "Cargo del representante",
                                        "type": "string",
                                        "format": "string",
                                        "example": "Gerente General"
                                    },
                                    "administrative_act": {
                                        "description": "Acto administrativo",
                                        "type": "string",
                                        "format": "string",
                                        "example": "Resolucion 0036"
                                    },
                                    "enviromental_control": {
                                        "description": "Autoridad Ambiental",
                                        "type": "string",
                                        "format": "string",
                                        "example": "ANLA"
                                    },
                                    "east_coord": {
                                        "description": "Coordenada Este",
                                        "type": "string",
                                        "format": "string",
                                        "example": "1142274"
                                    },
                                    "north_coord": {
                                        "description": "Coordenada Norte",
                                        "type": "string",
                                        "format": "string",
                                        "example": "1155849"
                                    },
                                    "location": {
                                        "description": "Localización",
                                        "type": "string",
                                        "format": "string",
                                        "example": "Fase I"
                                    },
                                    "phase": {
                                        "description": "Fase",
                                        "type": "string",
                                        "format": "string",
                                        "example": "1"
                                    },
                                    "customer_id": {
                                        "description": "Id del cliente",
                                        "type": "integer",
                                        "format": "int32",
                                        "example": "1"
                                    }
                                },
                                "type": "object"
                            }
                        }
                    }
                },
                "responses": {
                    "200": {
                        "description": "Proyecto registrada."
                    },
                    "400": {
                        "description": "Request mal mandado."
                    },
                    "401": {
                        "description": "Ingreso no autorizado."
                    },
                    "405": {
                        "description": "metodo HTTP no permitido."
                    },
                    "default": {
                        "description": "Ha ocurrido un error."
                    }
                }
            }
        },
        "/api/project/{id}": {
            "get": {
                "tags": [
                    "Proyecto"
                ],
                "summary": "Consultar proyecto por ID",
                "operationId": "App\\Http\\Controllers\\Api\\ProjectController::show",
                "parameters": [
                    {
                        "name": "id",
                        "in": "path",
                        "description": "id del proyecto",
                        "required": true,
                        "schema": {
                            "type": "integer",
                            "format": "int32"
                        },
                        "example": "2"
                    }
                ],
                "responses": {
                    "200": {
                        "description": "Mostrar todos los proyectos."
                    },
                    "204": {
                        "description": "No hay resultados que mostrar."
                    },
                    "default": {
                        "description": "Ha ocurrido un error."
                    }
                }
            },
            "put": {
                "tags": [
                    "Proyecto"
                ],
                "summary": "Editar proyecto",
                "operationId": "App\\Http\\Controllers\\Api\\ProjectController::update",
                "parameters": [
                    {
                        "name": "id",
                        "in": "path",
                        "description": "Id (Primary key) del proyecto",
                        "required": true,
                        "schema": {
                            "type": "integer"
                        }
                    }
                ],
                "requestBody": {
                    "required": false,
                    "content": {
                        "application/x-www-form-urlencoded": {
                            "schema": {
                                "required": [],
                                "properties": {
                                    "name": {
                                        "description": "Nombre del proyecto",
                                        "type": "string",
                                        "format": "string",
                                        "example": "Conjuntos Residenciales CAMC"
                                    },
                                    "inspector": {
                                        "description": "Interventor",
                                        "type": "string",
                                        "format": "string",
                                        "example": "CAMC SA"
                                    },
                                    "responsible": {
                                        "description": "Responsable",
                                        "type": "string",
                                        "format": "string",
                                        "example": "Pedro Alarcon"
                                    },
                                    "representative_name": {
                                        "description": "Nombre del representante",
                                        "type": "string",
                                        "format": "string",
                                        "example": "Marlon Gamba"
                                    },
                                    "representative_position": {
                                        "description": "Cargo del representante",
                                        "type": "string",
                                        "format": "string",
                                        "example": "Gerente General"
                                    },
                                    "administrative_act": {
                                        "description": "Acto administrativo",
                                        "type": "string",
                                        "format": "string",
                                        "example": "Resolucion 0036"
                                    },
                                    "enviromental_control": {
                                        "description": "Autoridad Ambiental",
                                        "type": "string",
                                        "format": "string",
                                        "example": "ANLA"
                                    },
                                    "east_coord": {
                                        "description": "Coordenada Este",
                                        "type": "string",
                                        "format": "string",
                                        "example": "1142274"
                                    },
                                    "north_coord": {
                                        "description": "Coordenada Norte",
                                        "type": "string",
                                        "format": "string",
                                        "example": "1155849"
                                    },
                                    "location": {
                                        "description": "Localización",
                                        "type": "string",
                                        "format": "string",
                                        "example": "Fase I"
                                    },
                                    "phase": {
                                        "description": "Fase",
                                        "type": "string",
                                        "format": "string",
                                        "example": "1"
                                    },
                                    "customer_id": {
                                        "description": "Id del cliente",
                                        "type": "integer",
                                        "format": "int32",
                                        "example": "1"
                                    }
                                },
                                "type": "object"
                            }
                        }
                    }
                },
                "responses": {
                    "200": {
                        "description": "Proyecto registrada."
                    },
                    "400": {
                        "description": "Request mal mandado."
                    },
                    "401": {
                        "description": "Ingreso no autorizado."
                    },
                    "405": {
                        "description": "metodo HTTP no permitido."
                    },
                    "default": {
                        "description": "Ha ocurrido un error."
                    }
                }
            }
        },
        "/api/project/functional-units/{id}": {
            "get": {
                "tags": [
                    "Proyecto"
                ],
                "summary": "Mostrar lista de unidades funcionales por proyecto",
                "operationId": "App\\Http\\Controllers\\Api\\ProjectController::functionalUnits",
                "parameters": [
                    {
                        "name": "id",
                        "in": "path",
                        "description": "id del proyecto",
                        "required": true,
                        "schema": {
                            "type": "integer",
                            "format": "int32"
                        },
                        "example": "1"
                    }
                ],
                "responses": {
                    "200": {
                        "description": "Mostrar todos los proyectos."
                    },
                    "204": {
                        "description": "No hay resultados que mostrar."
                    },
                    "default": {
                        "description": "Ha ocurrido un error."
                    }
                }
            }
        },
        "/api/project/forest-units/{id}": {
            "get": {
                "tags": [
                    "Proyecto"
                ],
                "summary": "Mostrar lista de individuos forestales por proyecto",
                "operationId": "App\\Http\\Controllers\\Api\\ProjectController::forestUnits",
                "parameters": [
                    {
                        "name": "id",
                        "in": "path",
                        "description": "id del proyecto",
                        "required": true,
                        "schema": {
                            "type": "integer",
                            "format": "int32"
                        },
                        "example": "1"
                    }
                ],
                "responses": {
                    "200": {
                        "description": "Mostrar todos los proyectos."
                    },
                    "204": {
                        "description": "No hay resultados que mostrar."
                    },
                    "default": {
                        "description": "Ha ocurrido un error."
                    }
                }
            }
        },
        "/api/project/users/{id}": {
            "get": {
                "tags": [
                    "Proyecto"
                ],
                "summary": "Mostrar lista de usuarios asignados a un proyecto",
                "operationId": "App\\Http\\Controllers\\Api\\ProjectController::users",
                "parameters": [
                    {
                        "name": "id",
                        "in": "path",
                        "description": "id del proyecto",
                        "required": true,
                        "schema": {
                            "type": "integer",
                            "format": "int32"
                        },
                        "example": "1"
                    }
                ],
                "responses": {
                    "200": {
                        "description": "Mostrar todos los proyectos."
                    },
                    "204": {
                        "description": "No hay resultados que mostrar."
                    },
                    "default": {
                        "description": "Ha ocurrido un error."
                    }
                }
            }
        },
        "/api/project/export/{id}": {
            "get": {
                "tags": [
                    "Proyecto"
                ],
                "summary": "Consolidado",
                "operationId": "App\\Http\\Controllers\\Api\\ProjectController::export",
                "parameters": [
                    {
                        "name": "id",
                        "in": "path",
                        "description": "id del proyecto",
                        "required": true,
                        "schema": {
                            "type": "integer",
                            "format": "int32"
                        },
                        "example": "1"
                    }
                ],
                "responses": {
                    "200": {
                        "description": "Consolidado del inventario."
                    },
                    "default": {
                        "description": "Ha ocurrido un error."
                    }
                }
            }
        },
        "/api/project/massive": {
            "post": {
                "tags": [
                    "Proyecto"
                ],
                "summary": "Probar como llegan los datos de excel desde angular",
                "operationId": "App\\Http\\Controllers\\Api\\ProjectController::massive",
                "parameters": [
                    {
                        "name": "id",
                        "in": "path",
                        "description": "id del proyecto",
                        "required": true,
                        "schema": {
                            "type": "integer",
                            "format": "int32"
                        },
                        "example": "1"
                    }
                ],
                "requestBody": {
                    "content": {
                        "application/json": {
                            "schema": {
                                "properties": {
                                    "arbol": {
                                        "type": "string"
                                    },
                                    "uf": {
                                        "type": "string"
                                    },
                                    "comun": {
                                        "type": "string"
                                    },
                                    "especie": {
                                        "type": "string"
                                    },
                                    "familia": {
                                        "type": "string"
                                    },
                                    "cap": {
                                        "type": "number",
                                        "format": "float"
                                    },
                                    "altura_total": {
                                        "type": "number",
                                        "format": "float"
                                    },
                                    "altura_comercial": {
                                        "type": "number",
                                        "format": "float"
                                    },
                                    "diametro_copa": {
                                        "type": "number",
                                        "format": "float"
                                    },
                                    "estado_fisico": {
                                        "type": "string"
                                    },
                                    "estado_sanitario": {
                                        "type": "string"
                                    },
                                    "coor_x": {
                                        "type": "string"
                                    },
                                    "coor_y": {
                                        "type": "string"
                                    },
                                    "origen": {
                                        "type": "string"
                                    },
                                    "densidad_copa": {
                                        "type": "string"
                                    },
                                    "producto": {
                                        "type": "string"
                                    },
                                    "margen": {
                                        "type": "string"
                                    },
                                    "tratamiento": {
                                        "type": "string"
                                    },
                                    "resolucion": {
                                        "type": "string"
                                    },
                                    "observaciones": {
                                        "type": "string"
                                    }
                                },
                                "type": "object",
                                "example": {
                                    "excelData": {
                                        "arbol": "F4",
                                        "uf": "UF1",
                                        "comun": "Cedro-Cedro amargo",
                                        "especie": "Cedrela odorata L.",
                                        "familia": "Meliaceae",
                                        "cap": "45.3",
                                        "altura_total": "10",
                                        "altura_comercial": "2",
                                        "diametro_copa": "6",
                                        "estado_fisico": "Bueno",
                                        "estado_sanitario": "Bueno",
                                        "coor_x": "1053823",
                                        "coor_y": "956015",
                                        "origen": "Nativa",
                                        "densidad_copa": "Clara",
                                        "producto": "Madera",
                                        "margen": "Izquierda",
                                        "tratamiento": "Tala",
                                        "resolucion": "Resolucion 0369",
                                        "observaciones": "Árbol localizado sobre la margen"
                                    },
                                    "projectId": 2
                                }
                            }
                        }
                    }
                },
                "responses": {
                    "200": {
                        "description": "Muestra el resultado."
                    },
                    "400": {
                        "description": "Indica que no se mandarón bien los parametros."
                    },
                    "405": {
                        "description": "Metodo no permitido."
                    },
                    "default": {
                        "description": "Ha ocurrido un error."
                    }
                }
            }
        }
    }
}